{"y_mean": 15.464634146341464, "y_std": 24.3452297724016, "input_size": 820, "trained": true}