{"y_mean": 3.095947265625, "y_std": 5.106275166434344, "input_size": 4096, "trained": true}